Probe,chrom,chromStart,chromEnd,s,v,d,tss,g
RP5-857K21.5,1,626510,631510,-,3.6051264,5000,629010,1000629010
NOC2L,1,956790,961790,-,1.5023155,5000,959290,1000959290
KLHL17,1,958087,963087,+,1.513204,5000,960587,1000960587
RP11-54O7.17,1,995551,1000551,-,2.042884,5000,998051,1000998051
HES4,1,997611,1002611,-,2.1993885,5000,1000111,1001000111
MMP23B,1,1629595,1634595,+,1.8799862,5000,1632095,1001632095
HES5,1,2527745,2532745,-,1.2261058,5000,2530245,1002530245
PRDM16,1,3066711,3071711,+,2.888374,5000,3069211,1003069211
WRAP73,1,3647573,3652573,-,2.2812889,5000,3650073,1003650073
AJAP,1,4652545,4657545,+,1.1017777,5000,4655045,1004655045
CHD5,1,6177623,6182623,-,1.3034115,5000,6180123,1006180123
HES2,1,6417419,6422419,-,1.9577674,5000,6419919,1006419919
ESPN,1,6422288,6427288,+,1.3945594,5000,6424788,1006424788
RP4-734G22.3,1,10636741,10641741,+,1.0726314,5000,10639241,1010639241
CASZ,1,10794150,10799150,-,1.6177928,5000,10796650,1010796650
RP4-798A10.7,1,16512145,16517145,+,1.0125104,5000,16514645,1016514645
RP5-875O13.,1,16533149,16538149,-,1.2194728,5000,16535649,1016535649
RP1-163M9.7,1,16699046,16704046,+,1.7662606,5000,16701546,1016701546
PAX7,1,18628506,18633506,+,2.632847,5000,18631006,1018631006
NBL,1,19641663,19646663,+,1.1993885,5000,19644163,1019644163
CAMK2N,1,20483720,20488720,-,1.6076688,5000,20486220,1020486220
RUNX3,1,24927377,24932377,-,2.2094655,5000,24929877,1024929877
MAN1C,1,25614968,25619968,+,1.0652518,5000,25617468,1025617468
SLC30A2,1,26043613,26048613,-,1.2392812,5000,26046113,1026046113
TMEM200B,1,29121435,29126435,-,1.1089731,5000,29123935,1029123935
TFAP2E,1,35570870,35575870,+,1.0652518,5000,35573370,1035573370
GRIK3,1,37031625,37036625,-,1.8799862,5000,37034125,1037034125
POU3F,1,38044294,38049294,-,1.9696741,5000,38046794,1038046794
RP5-884C9.2,1,38044925,38049925,+,1.8242437,5000,38047425,1038047425
BMP8A,1,39489146,39494146,+,1.28447,5000,39491646,1039491646
BMP8B,1,39786361,39791361,-,1.4579215,5000,39788861,1039788861
RP1-118J21.25,1,39786476,39791476,+,1.4409151,5000,39788976,1039788976
COL9A2,1,40314794,40319794,-,1.0652518,5000,40317294,1040317294
RP1-18D14.7,1,47223297,47228297,+,1.8154734,5000,47225797,1047225797
TAL,1,47229215,47234215,-,2.782102,5000,47231715,1047231715
FOXE3,1,47413572,47418572,+,2.004816,5000,47416072,1047416072
FOXD2,1,47433517,47438517,+,2.6051264,5000,47436017,1047436017
DMRTA2,1,50419132,50424132,-,3.352739,5000,50421632,1050421632
NFIA,1,61079808,61084808,+,1.0799733,5000,61082308,1061082308
FOXD3,1,63320541,63325541,+,2.4033654,5000,63323041,1063323041
RP11-510C10.3,1,75130076,75135076,-,2.400436,5000,75132576,1075132576
RP11-510C10.2,1,75130558,75135558,-,2.3797624,5000,75133058,1075133058
MCOLN2,1,84994440,84999440,-,1.2523373,5000,84996940,1084996940
BARHL2,1,90714737,90719737,-,2.9931967,5000,90717237,1090717237
GFI,1,92481454,92486454,-,3.0652518,5000,92483954,1092483954
GPR88,1,100535637,100540637,+,1.1583612,5000,100538137,1100538137
ALX3,1,110068200,110073200,-,2.7662606,5000,110070700,1110070700
LINC01397,1,110080188,110085188,+,1.5506786,5000,110082688,1110082688
KCNC4,1,110208843,110213843,+,1.452275,5000,110211343,1110211343
TBX15,1,118987056,118992056,-,1.9970802,5000,118989556,1118989556
RP4-712E4.,1,118998892,119003892,-,1.6025797,5000,119001392,1119001392
RP4-712E4.2,1,118998905,119003905,-,1.6025797,5000,119001405,1119001405
CH17-437K3.,1,121394254,121399254,+,1.7340459,5000,121396754,1121396754
RP11-763B22.6,1,143498012,143503012,-,1.6722406,5000,143500512,1143500512
RP11-289H16.,1,144638871,144643871,+,2.4802892,5000,144641371,1144641371
CH17-125A10.2,1,144639558,144644558,-,2.483061,5000,144642058,1144642058
HIST2H4A,1,149830168,149835168,+,1.6076688,5000,149832668,1149832668
HIST2H3C,1,149838693,149843693,-,1.67709,5000,149841193,1149841193
HIST2H2AA4,1,149840236,149845236,-,1.5347371,5000,149842736,1149842736
HIST2H2AA4,1,149848561,149853561,+,1.5974729,5000,149851061,1149851061
HIST2H3A,1,149850119,149855119,+,1.7293847,5000,149852619,1149852619
RP11-196G18.23,1,149858771,149863771,+,1.6127396,5000,149861271,1149861271
HIST2H2BE,1,149884152,149889152,-,1.2523373,5000,149886652,1149886652
HIST2H2AC,1,149884475,149889475,+,1.2717026,5000,149886975,1149886975
HIST2H2AB,1,149885416,149890416,-,1.2261058,5000,149887916,1149887916
SHE,1,154499613,154504613,-,1.2458241,5000,154502113,1154502113
EFNA3,1,155076372,155081372,+,1.1374016,5000,155078872,1155078872
EFNA,1,155124960,155129960,+,1.042884,5000,155127460,1155127460
LMX1A,1,165354215,165359215,-,2.5104895,5000,165356715,1165356715
PRRX,1,170660634,170665634,+,1.9577674,5000,170663134,1170663134
RP1-79C4.4,1,170664881,170669881,+,1.4968405,5000,170667381,1170667381
FAM163A,1,179740663,179745663,+,1.2194728,5000,179743163,1179743163
LHX4,1,180227786,180232786,+,2.3344386,5000,180230286,1180230286
LHX9,1,197910005,197915005,+,2.8394644,5000,197912505,1197912505
BATF3,1,212697485,212702485,-,1.6673748,5000,212699985,1212699985
RP11-478J18.2,1,213983919,213988919,-,1.5716636,5000,213986419,1213986419
PROX,1,213985443,213990443,+,1.4004359,5000,213987943,1213987943
HLX,1,220876900,220881900,+,2.5690572,5000,220879400,1220879400
RP11-100E13.,1,224613720,224618720,-,1.2717026,5000,224616220,1224616220
CNIH3,1,224613793,224618793,+,1.28447,5000,224616293,1224616293
WNT3A,1,228004551,228009551,+,2.0836303,5000,228007051,1228007051
AC079779.4,2,284067,289067,+,1.2392812,5000,286567,2000286567
FAM150B,2,285796,290796,-,1.7293847,5000,288296,2000288296
HPCAL,2,10300407,10305407,+,1.0578343,5000,10302907,2010302907
ATP6V1C2,2,10719149,10724149,+,1.116133,5000,10721649,2010721649
FAM84A,2,14630186,14635186,+,1.4691488,5000,14632686,2014632686
OSR,2,19356153,19361153,-,2.6819232,5000,19358653,2019358653
GDF7,2,20664164,20669164,+,2.3527393,5000,20666664,2020666664
KLHL29,2,23382717,23387717,+,1.5023155,5000,23385217,2023385217
DPYSL5,2,26845601,26850601,+,1.2908115,5000,26848101,2026848101
SLC30A3,2,27260759,27265759,-,2.10538,5000,27263259,2027263259
KCNG3,2,42491597,42496597,-,1.4352014,5000,42494097,2042494097
RP11-89K21.2,2,44925896,44930896,-,2.875774,5000,44928396,2044928396
RP11-89K21.,2,44936699,44941699,-,2.50777,5000,44939199,2044939199
SIX3,2,44939398,44944398,+,3.0799732,5000,44941898,2044941898
AC012354.6,2,44952164,44957164,+,1.7662606,5000,44954664,2044954664
SIX2,2,45006930,45011930,-,2.3678145,5000,45009430,2045009430
AC093702.,2,45011168,45016168,-,1.4004359,5000,45013668,2045013668
AC009236.2,2,45166083,45171083,+,1.7153094,5000,45168583,2045168583
PRKCE,2,45649274,45654274,+,1.212809,5000,45651774,2045651774
EPAS,2,46294902,46299902,+,1.5974729,5000,46297402,2046297402
EML6,2,54722042,54727042,+,1.2458241,5000,54724542,2054724542
CCDC85A,2,56181623,56186623,+,1.1303469,5000,56184123,2056184123
AC007743.,2,56183270,56188270,-,1.144422,5000,56185770,2056185770
AC009501.4,2,63045211,63050211,-,2.28447,5000,63047711,2063047711
OTX,2,63048302,63053302,+,3.0689464,5000,63050802,2063050802
MEIS,2,66432900,66437900,+,1.3886589,5000,66435400,2066435400
LINC01143,2,70885371,70890371,+,2.3708107,5000,70887871,2070887871
VAX2,2,70898090,70903090,+,2.791077,5000,70900590,2070900590
CYP26B,2,72145538,72150538,-,2.4237058,5000,72148038,2072148038
EMX,2,72914975,72919975,+,3.140916,5000,72917475,2072917475
EGR4,2,73291205,73296205,-,1.9457614,5000,73293705,2073293705
RP11-523H20.3,2,74499217,74504217,+,1.4802892,5000,74501717,2074501717
TLX2,2,74511984,74516984,+,2.5923479,5000,74514484,2074514484
ATOH8,2,85751394,85756394,+,1.0125104,5000,85753894,2085753894
AFF3,2,100102216,100107216,-,1.0726314,5000,100104716,2100104716
AC092667.2,2,100102419,100107419,+,1.0799733,5000,100104919,2100104919
LINC01158,2,104848958,104853958,-,1.4747298,5000,104851458,2104851458
RP11-13J10.,2,104850785,104855785,+,2.8925498,5000,104853285,2104853285
POU3F3,2,104853011,104858011,+,3.46775,5000,104855511,2104855511
AC018730.4,2,104864996,104869996,-,1.0652518,5000,104867496,2104867496
LINC01159,2,104869952,104874952,-,1.212809,5000,104872452,2104872452
SH3RF3,2,109126848,109131848,+,1.4062887,5000,109129348,2109129348
BCL2L,2,111118429,111123429,+,2.0909166,5000,111120929,2111120929
FBLN7,2,112135885,112140885,+,2.1374016,5000,112138385,2112138385
PAX8,2,113276450,113281450,-,2.0163422,5000,113278950,2113278950
FOXD4L,2,113496165,113501165,+,2.116133,5000,113498665,2113498665
RP11-19E11.,2,118832610,118837610,-,2.5533185,5000,118835110,2118835110
EN,2,118845178,118850178,-,3.2409198,5000,118847678,2118847678
C1QL2,2,119156389,119161389,-,1.7247081,5000,119158889,2119158889
INHBB,2,120343643,120348643,+,2.8198652,5000,120346143,2120346143
TMEM163,2,134716500,134721500,-,1.4747298,5000,134719000,2134719000
NXPH2,2,138777848,138782848,-,1.1232574,5000,138780348,2138780348
TBR,2,161413594,161418594,+,2.0799732,5000,161416094,2161416094
AC009487.4,2,161421077,161426077,-,2.7571294,5000,161423577,2161423577
AC009487.5,2,161421515,161426515,+,2.8198652,5000,161424015,2161424015
LRP2,2,169360185,169365185,-,1.1232574,5000,169362685,2169362685
DLX,2,172082726,172087726,+,3.022071,5000,172085226,2172085226
LINC01305,2,174323527,174328527,+,1.2194728,5000,174326027,2174326027
SP9,2,174332446,174337446,+,2.5872045,5000,174334946,2174334946
RP11-572N21.,2,174335066,174340066,-,2.46635,5000,174337566,2174337566
EVX2,2,176081413,176086413,-,3.28447,5000,176083913,2176083913
HOXD13,2,176090391,176095391,+,2.5506787,5000,176092891,2176092891
HOXD12,2,176097230,176102230,+,2.7594178,5000,176099730,2176099730
HOXD,2,176104786,176109786,+,3.3313656,5000,176107286,2176107286
HOXD,2,176114079,176119079,+,2.2588212,5000,176116579,2176116579
HOXD9,2,176120220,176125220,+,3.2490845,5000,176122720,2176122720
HOXD8,2,176127240,176132240,+,3.0372374,5000,176129740,2176129740
AC009336.19,2,176148585,176153585,+,2.7662606,5000,176151085,2176151085
HOXD4,2,176148722,176153722,+,2.7662606,5000,176151222,2176151222
HOXD3,2,176161577,176166577,+,2.5949125,5000,176164077,2176164077
RP11-387A1.5,2,176163216,176168216,-,2.2359986,5000,176165716,2176165716
HAGLROS,2,176175217,176180217,+,1.2971253,5000,176177717,2176177717
HAGLR,2,176175784,176180784,-,1.0201639,5000,176178284,2176178284
HOXD,2,176186079,176191079,+,2.1892407,5000,176188579,2176188579
NEUROD,2,181678376,181683376,-,2.0163422,5000,181680876,2181680876
AC013733.3,2,181680613,181685613,+,2.432336,5000,181683113,2181683113
RP11-378A13.2,2,218396719,218401719,-,1.1926311,5000,218399219,2218399219
WNT6,2,218857321,218862321,+,1.3767848,5000,218859821,2218859821
WNT10A,2,218877863,218882863,+,1.1790206,5000,218880363,2218880363
CDK5R2,2,218957155,218962155,+,1.9295967,5000,218959655,2218959655
AC097468.7,2,218959403,218964403,-,2.0689464,5000,218961903,2218961903
FEV,2,218983157,218988157,-,2.882088,5000,218985657,2218985657
CRYBA2,2,218990921,218995921,-,1.8925498,5000,218993421,2218993421
AC097468.4,2,218999715,219004715,+,1.6915412,5000,219002215,2219002215
IHH,2,219057967,219062967,-,2.5949125,5000,219060467,2219060467
CCDC14,2,222295647,222300647,+,2.6076686,5000,222298147,2222298147
RP11-384O8.,2,222316153,222321153,-,1.1303469,5000,222318653,2222318653
SGPP2,2,222422017,222427017,+,1.0201639,5000,222424517,2222424517
AC068134.6,2,232418961,232423961,-,1.5023155,5000,232421461,2232421461
ECEL,2,232485328,232490328,-,2.3252003,5000,232487828,2232487828
AC079135.,2,236164965,236169965,+,1.0201639,5000,236167465,2236167465
GBX2,2,236165869,236170869,-,1.0652518,5000,236168369,2236168369
TWIST2,2,238845532,238850532,+,1.5820428,5000,238848032,2238848032
GRM7,3,6858615,6863615,+,1.2652764,5000,6861115,3006861115
SLC6A,3,10990224,10995224,+,1.1089731,5000,10992724,3010992724
WNT7A,3,13877621,13882621,-,1.4691488,5000,13880121,3013880121
RFTN,3,16511206,16516206,-,1.0048159,5000,16513706,3016513706
RP11-222K16.2,3,27710410,27715410,+,1.1993885,5000,27712910,3027712910
EOMES,3,27719998,27724998,-,1.3648121,5000,27722498,3027722498
RP4-555D20.3,3,43994396,43999396,+,1.4409151,5000,43996896,3043996896
FEZF2,3,62371015,62376015,-,3.2128088,5000,62373515,3062373515
GPR27,3,71751550,71756550,+,1.3221077,5000,71754050,3071754050
PROK2,3,71782706,71787706,-,1.042884,5000,71785206,3071785206
LINC0096,3,75669891,75674891,+,1.3648121,5000,75672391,3075672391
GATA2,3,128490685,128495685,-,2.9970803,5000,128493185,3128493185
EFCC,3,128999129,129004129,+,1.4802892,5000,129001629,3129001629
TRH,3,129971805,129976805,+,1.3587884,5000,129974305,3129974305
SOX14,3,137761784,137766784,+,2.1993885,5000,137764284,3137764284
LINC012,3,137769449,137774449,+,1.9091326,5000,137771949,3137771949
LINC0139,3,138941520,138946520,-,2.6698098,5000,138944020,3138944020
FOXL2,3,138944640,138949640,-,2.9153023,5000,138947140,3138947140
FOXL2NB,3,138944734,138949734,+,2.9173532,5000,138947234,3138947234
RP11-649A16.,3,147368156,147373156,-,2.140916,5000,147370656,3147370656
ZIC4,3,147404360,147409360,-,2.2027555,5000,147406860,3147406860
ZIC,3,147406884,147411884,+,3.0671005,5000,147409384,3147409384
SHOX2,3,158103660,158108660,-,2.4237058,5000,158106160,3158106160
C3orf8,3,160223297,160228297,+,1.2781005,5000,160225797,3160225797
MECOM,3,169661118,169666118,-,1.28447,5000,169663618,3169663618
B3GNT5,3,183250744,183255744,+,1.1089731,5000,183253244,3183253244
VWA5B2,3,184227929,184232929,+,1.3405645,5000,184230429,3184230429
CAMK2N2,3,184258963,184263963,-,1.8545263,5000,184261463,3184261463
PIGZ,3,196966333,196971333,-,1.6025797,5000,196968833,3196968833
RP11-1263C18.,4,571912,576912,-,1.6722406,5000,574412,4000574412
CPLX,4,823698,828698,-,1.1017777,5000,826198,4000826198
FGFRL,4,1007479,1012479,+,1.5872045,5000,1009979,4001009979
SPON2,4,1170373,1175373,-,1.5077701,5000,1172873,4001172873
NKX,4,1403831,1408831,-,1.5506786,5000,1406331,4001406331
C4orf48,4,2039493,2044493,+,1.042884,5000,2041993,4002041993
NAT8L,4,2057312,2062312,+,1.1232574,5000,2059812,4002059812
ZFYVE28,4,2416163,2421163,-,2.0353503,5000,2418663,4002418663
RP11-503N18.,4,2416474,2421474,+,1.989303,5000,2418974,4002418974
OTOP,4,4224389,4229389,-,1.793312,5000,4226889,4004226889
MSX,4,4857166,4862166,+,2.6228285,5000,4859666,4004859666
CRMP,4,5890558,5895558,-,1.452275,5000,5893058,4005893058
RP13-582L3.4,4,8858327,8863327,-,3.1321137,5000,8860827,4008860827
HMX,4,8869317,8874317,-,2.9853988,5000,8871817,4008871817
NKX3-2,4,13542550,13547550,-,1.832961,5000,13545050,4013545050
SLIT2,4,20251064,20256064,+,1.1790206,5000,20253564,4020253564
PCDH7,4,30717915,30722915,+,1.875774,5000,30720415,4030720415
RP11-227F19.,4,41745793,41750793,+,3.250712,5000,41748293,4041748293
PHOX2B,4,41746470,41751470,-,3.0447612,5000,41748970,4041748970
RP11-227F19.2,4,41747845,41752845,+,2.620313,5000,41750345,4041750345
LINC00682,4,41880111,41885111,-,2.2061143,5000,41882611,4041882611
ZAR,4,48487752,48492752,+,1.2908115,5000,48490252,4048490252
GSX2,4,54097531,54102531,+,2.0836303,5000,54100031,4054100031
PDGFRA,4,54226597,54231597,+,2.31279,5000,54229097,4054229097
LPHN3,4,61198758,61203758,+,1.3221077,5000,61201258,4061201258
RP11-377G16.2,4,80187669,80192669,-,1.828609,5000,80190169,4080190169
PRDM8,4,80195004,80200004,+,1.6328472,5000,80197504,4080197504
FGF5,4,80264099,80269099,+,1.8198652,5000,80266599,4080266599
NKX6,4,84495950,84500950,-,1.2717026,5000,84498450,4084498450
ATOH,4,93826253,93831253,+,1.2588214,5000,93828753,4093828753
LEF,4,108165922,108170922,-,1.0872781,5000,108168422,4108168422
PITX2,4,110634520,110639520,-,1.2588214,5000,110637020,4110637020
RP11-402J6.,4,112512885,112517885,+,2.076307,5000,112515385,4112515385
NEUROG2,4,112513672,112518672,-,2.039122,5000,112516172,4112516172
POU4F2,4,146636393,146641393,+,2.3797624,5000,146638893,4146638893
NR3C2,4,148442198,148447198,-,2.039122,5000,148444698,4148444698
TLL,4,165870758,165875758,+,1.2971253,5000,165873258,4165873258
HAND2,4,173527729,173532729,-,3.2161448,5000,173530229,4173530229
HELT,4,185016341,185021341,+,2.8044353,5000,185018841,4185018841
SLC9A3,5,521832,526832,-,1.7798496,5000,524332,5000524332
RP11-310P5.2,5,522205,527205,+,1.7662606,5000,524705,5000524705
SLC6A3,5,1442930,1447930,-,1.3466648,5000,1445430,5001445430
IRX4,5,1880266,1885266,-,2.5716636,5000,1882766,5001882766
CTD-2194D22.3,5,1881466,1886466,+,2.8566651,5000,1883966,5001883966
CTD-2194D22.4,5,1884832,1889832,+,2.1960137,5000,1887332,5001887332
IRX,5,3593554,3598554,+,1.1017777,5000,3596054,5003596054
NPR3,5,32708934,32713934,+,2.2392812,5000,32711434,5032711434
GDNF,5,37837180,37842180,-,1.6575938,5000,37839680,5037839680
PTGER4,5,40676998,40681998,+,1.0277771,5000,40679498,5040679498
AC025171.,5,43039593,43044593,+,1.6378307,5000,43042093,5043042093
ANXA2R,5,43040670,43045670,-,1.3708109,5000,43043170,5043043170
CTD-2089N3.,5,50964508,50969508,-,1.2523373,5000,50967008,5050967008
CTD-2089N3.3,5,50967160,50972160,+,1.1017777,5000,50969660,5050969660
CTD-2089N3.2,5,50967467,50972467,-,1.0578343,5000,50969967,5050969967
CTD-2314G24.2,5,51380832,51385832,-,1.452275,5000,51383332,5051383332
ISL,5,51380891,51385891,+,1.4352014,5000,51383391,5051383391
MCIDAS,5,55224815,55229815,-,1.6076688,5000,55227315,5055227315
CCNO,5,55231180,55236180,-,2.3190084,5000,55233680,5055233680
RP11-506H20.,5,55231434,55236434,+,2.255583,5000,55233934,5055233934
LINC01385,5,73448998,73453998,+,1.3034115,5000,73451498,5073451498
SV2C,5,76080672,76085672,+,1.9657161,5000,76083172,5076083172
CTC-235G5.3,5,76081686,76086686,-,1.9295967,5000,76084186,5076084186
OTP,5,77637188,77642188,-,2.8799863,5000,77639688,5077639688
ANKRD34B,5,80567988,80572988,-,1.2652764,5000,80570488,5080570488
CTC-467M3.,5,88673718,88678718,+,2.161825,5000,88676218,5088676218
LINC0046,5,88682436,88687436,-,1.6963263,5000,88684936,5088684936
CTC-467M3.2,5,88690151,88695151,+,2.6891427,5000,88692651,5088692651
CTC-467M3.3,5,88691472,88696472,-,2.4208174,5000,88693972,5088693972
NR2F,5,93580837,93585837,+,3.0372374,5000,93583337,5093583337
RP11-65F13.3,5,93597857,93602857,+,1.6624926,5000,93600357,5093600357
PRDM6,5,123086621,123091621,+,2.8502388,5000,123089121,5123089121
AC106786.,5,123087799,123092799,-,2.7176647,5000,123090299,5123090299
CHSY3,5,129901972,129906972,+,1.144422,5000,129904472,5129904472
CTC-575N7.,5,129903417,129908417,-,1.1790206,5000,129905917,5129905917
SOWAHA,5,132811087,132816087,+,1.9214458,5000,132813587,5132813587
C5orf66,5,135030942,135035942,+,2.6303492,5000,135033442,5135033442
PITX,5,135031798,135036798,-,2.3065445,5000,135034298,5135034298
CTC-276P9.4,5,135032021,135037021,+,2.2392812,5000,135034521,5135034521
NEUROG,5,135533449,135538449,-,1.2588214,5000,135535949,5135535949
NRG2,5,140040794,140045794,-,1.3034115,5000,140043294,5140043294
PURA,5,140111623,140116623,+,1.0201639,5000,140114123,5140114123
POU4F3,5,146336524,146341524,+,2.4265883,5000,146339024,5146339024
HAND,5,154475764,154480764,-,2.8904636,5000,154478264,5154478264
CTB-158E9.,5,154483429,154488429,-,1.1721671,5000,154485929,5154485929
RP11-175K6.,5,159098182,159103182,+,1.4691488,5000,159100682,5159100682
TLX3,5,171306784,171311784,+,2.8066497,5000,171309284,5171309284
NKX2-5,5,173232857,173237857,-,2.5453844,5000,173235357,5173235357
MSX2,5,174722033,174727033,+,2.245824,5000,174724533,5174724533
CTC-338M12.2,5,181189352,181194352,-,1.28447,5000,181191852,5181191852
CTC-338M12.5,5,181189570,181194570,+,1.1721671,5000,181192070,5181192070
TRIM7,5,181202672,181207672,-,2.0615478,5000,181205172,5181205172
CTC-338M12.,5,181203620,181208620,-,2.0909166,5000,181206120,5181206120
IRF4,6,389239,394239,+,1.5872045,5000,391739,6000391739
FOXQ,6,1309973,1314973,+,2.2523375,5000,1312473,6001312473
RP4-668J24.2,6,1382566,1387566,-,2.2971253,5000,1385066,6001385066
FOXF2,6,1387334,1392334,+,2.9873521,5000,1389834,6001389834
FOXC,6,1607472,1612472,+,3.0854554,5000,1609972,6001609972
RP11-420L9.5,6,3748611,3753611,+,1.382734,5000,3751111,6003751111
PXDC,6,3749526,3754526,-,1.3945594,5000,3752026,6003752026
PPP1R3G,6,5082081,5087081,+,1.1858419,5000,5084581,6005084581
NRN,6,6004467,6009467,-,1.3466648,5000,6006967,6006006967
BMP6,6,7724297,7729297,+,2.0836303,5000,7726797,6007726797
TFAP2A,6,10412748,10417748,-,2.975591,5000,10415248,6010415248
RP1-290I10.3,6,10423676,10428676,-,1.4004359,5000,10426176,6010426176
ELOVL2,6,11041814,11046814,-,1.0578343,5000,11044314,6011044314
HIST1H3D,6,26194750,26199750,-,1.0201639,5000,26197250,6026197250
MDGA,6,37695490,37700490,-,2.5768626,5000,37697990,6037697990
RP1-244F24.,6,45419505,45424505,-,1.9497745,5000,45422005,6045422005
RUNX2,6,45419985,45424985,+,1.9091326,5000,45422485,6045422485
TFAP2D,6,50711328,50716328,+,1.6278466,5000,50713828,6050713828
TFAP2B,6,50816223,50821223,+,2.2876441,5000,50818723,6050818723
KCNQ5,6,72619581,72624581,+,1.2392812,5000,72622081,6072622081
COL12A,6,75203551,75208551,-,1.9970802,5000,75206051,6075206051
TBX18,6,84762019,84767019,-,2.343618,5000,84764519,6084764519
POU3F2,6,98832092,98837092,+,2.6698098,5000,98834592,6098834592
RP1-199J3.6,6,99585111,99590111,+,1.2458241,5000,99587611,6099587611
PRDM13,6,99604274,99609274,+,2.8673124,5000,99606774,6099606774
SIM,6,100462429,100467429,-,2.429465,5000,100464929,6100464929
AIM,6,106509355,106514355,+,1.4352014,5000,106511855,6106511855
NR2E,6,108163558,108168558,+,3.2588215,5000,108166058,6108166058
VGLL2,6,117263058,117268058,+,1.1790206,5000,117265558,6117265558
RSPO3,6,127117327,127122327,+,2.161825,5000,127119827,6127119827
TCF2,6,133886638,133891638,+,1.0353503,5000,133889138,6133889138
MYB,6,135178828,135183828,+,1.212809,5000,135181328,6135181328
SLC35D3,6,136919764,136924764,+,1.1303469,5000,136922264,6136922264
OLIG3,6,137491750,137496750,-,1.0048159,5000,137494250,6137494250
SAMD5,6,147506427,147511427,+,1.116133,5000,147508927,6147508927
ULBP2,6,149939500,149944500,+,1.5559535,5000,149942000,6149942000
ULBP,6,149961507,149966507,+,3.046636,5000,149964007,6149964007
PPP1R14C,6,150140576,150145576,+,1.3587884,5000,150143076,6150143076
ESR,6,151805051,151810051,+,1.3159025,5000,151807551,6151807551
PDE10A,6,165659600,165664600,-,2.875774,5000,165662100,6165662100
LINC00473,6,165985539,165990539,-,1.0872781,5000,165988039,6165988039
T,6,166166119,166171119,-,2.4579215,5000,166168619,6166168619
PRR18,6,166305883,166310883,-,1.6526783,5000,166308383,6166308383
DLL,6,170287973,170292973,-,2.28447,5000,170290473,6170290473
FLJ445,7,517891,522891,+,1.144422,5000,520391,7000520391
UNCX,7,1230407,1235407,+,3.6127393,5000,1232907,7001232907
AC093620.5,7,5417327,5422327,+,1.828609,5000,5419827,7005419827
AC092171.2,7,5417346,5422346,+,1.8545263,5000,5419846,7005419846
NXPH,7,8431455,8436455,+,1.4691488,5000,8433955,7008433955
MEOX2,7,15684312,15689312,-,1.5716636,5000,15686812,7015686812
AC003986.6,7,19109974,19114974,+,1.4237058,5000,19112474,7019112474
TWIST,7,19115172,19120172,-,2.172167,5000,19117672,7019117672
AC003986.7,7,19117433,19122433,+,1.5347371,5000,19119933,7019119933
HNRNPA2B,7,26198246,26203246,-,1.116133,5000,26200746,7026200746
CBX3,7,26198662,26203662,+,1.0652518,5000,26201162,7026201162
HOXA,7,27093474,27098474,-,1.0201639,5000,27095974,7027095974
HOTAIRM,7,27093594,27098594,+,1.0872781,5000,27096094,7027096094
HOXA2,7,27100311,27105311,-,2.1196995,5000,27102811,7027102811
HOXA3,7,27117095,27122095,-,1.3282863,5000,27119595,7027119595
HOXA4,7,27128299,27133299,-,2.0836303,5000,27130799,7027130799
HOXA5,7,27141168,27146168,-,2.3466647,5000,27143668,7027143668
HOXA6,7,27145274,27150274,-,1.7200164,5000,27147774,7027147774
RP1-170O19.22,7,27150061,27155061,-,2.9477696,5000,27152561,7027152561
RP1-170O19.23,7,27150098,27155098,-,2.951777,5000,27152598,7027152598
HOXA7,7,27154177,27159177,-,3.2620523,5000,27156677,7027156677
RP1-170O19.24,7,27155844,27160844,+,3.3767848,5000,27158344,7027158344
HOXA9,7,27163030,27168030,-,3.4062886,5000,27165530,7027165530
HOXA,7,27171806,27176806,-,3.274905,5000,27174306,7027174306
HOXA10-HOXA9,7,27177513,27182513,-,1.9617473,5000,27180013,7027180013
HOXA,7,27182716,27187716,-,3.0086682,5000,27185216,7027185216
RP1-170O19.14,7,27190948,27195948,-,2.7479403,5000,27193448,7027193448
HOXA13,7,27197606,27202606,-,3.046636,5000,27200106,7027200106
HOTTIP,7,27199342,27204342,+,2.8694324,5000,27201842,7027201842
RP1-170O19.17,7,27238728,27243728,-,2.076307,5000,27241228,7027241228
EVX,7,27240200,27245200,+,2.2327085,5000,27242700,7027242700
RP1-170O19.25,7,27244868,27249868,+,2.2261057,5000,27247368,7027247368
TBX2,7,35251647,35256647,-,2.1858418,5000,35254147,7035254147
AC009531.2,7,35257229,35262229,-,2.343618,5000,35259729,7035259729
CAMK2B,7,44323156,44328156,-,1.116133,5000,44325656,7044325656
VWC2,7,49771161,49776161,+,1.7058489,5000,49773661,7049773661
FZD,7,91261864,91266864,+,1.6624926,5000,91264364,7091264364
DLX6,7,97003048,97008048,+,2.5949125,5000,97005548,7097005548
DLX5,7,97022597,97027597,-,2.4265883,5000,97025097,7097025097
TAC,7,97729408,97734408,+,1.0872781,5000,97731908,7097731908
NPTX2,7,98614797,98619797,+,1.0799733,5000,98617297,7098617297
VGF,7,101163093,101168093,-,1.2458241,5000,101165593,7101165593
WNT2,7,117320614,117325614,-,1.8588009,5000,117323114,7117323114
FEZF,7,122302005,122307005,-,1.6915412,5000,122304505,7122304505
GRM8,7,127250794,127255794,-,1.3767848,5000,127253294,7127253294
RP11-738B7.,7,129782685,129787685,-,2.2523375,5000,129785185,7129785185
KLF14,7,130731561,130736561,-,1.2908115,5000,130734061,7130734061
PLXNA4,7,132574801,132579801,-,1.5716636,5000,132577301,7132577301
CHRM2,7,136866169,136871169,+,1.4237058,5000,136868669,7136868669
TMEM178B,7,141071732,141076732,+,1.4121178,5000,141074232,7141074232
TRBJ2,7,142793865,142798865,+,1.2652764,5000,142796365,7142796365
TRBJ2-2,7,142794060,142799060,+,1.2717026,5000,142796560,7142796560
TRBJ2-2P,7,142794197,142799197,+,1.2781005,5000,142796697,7142796697
TRBJ2-3,7,142794347,142799347,+,1.2971253,5000,142796847,7142796847
TRBJ2-4,7,142794498,142799498,+,1.2971253,5000,142796998,7142796998
TRBJ2-5,7,142794619,142799619,+,1.3159025,5000,142797119,7142797119
TRBJ2-6,7,142794739,142799739,+,1.3159025,5000,142797239,7142797239
TRBJ2-7,7,142794956,142799956,+,1.3648121,5000,142797456,7142797456
GBX,7,151165048,151170048,-,1.2588214,5000,151167548,7151167548
AC008060.7,7,155379576,155384576,+,1.2908115,5000,155382076,7155382076
AC008060.8,7,155454599,155459599,-,3.6013048,5000,155457099,7155457099
EN2,7,155455629,155460629,+,3.4480255,5000,155458129,7155458129
SHH,7,155809773,155814773,-,1.828609,5000,155812273,7155812273
MNX,7,157008151,157013151,-,2.971649,5000,157010651,7157010651
VIPR2,7,159142457,159147457,-,1.28447,5000,159144957,7159144957
CSMD,8,4992472,4997472,-,1.6328472,5000,4994972,8004994972
LINC00599,8,9900829,9905829,-,1.2194728,5000,9903329,8009903329
CTD-2135J3.3,8,10727078,10732078,+,1.8673124,5000,10729578,8010729578
SOX7,8,10728012,10733012,-,2.2588212,5000,10730512,8010730512
GATA4,8,11701704,11706704,+,2.9736214,5000,11704204,8011704204
GFRA2,8,21786310,21791310,-,1.0872781,5000,21788810,8021788810
HR,8,22129368,22134368,-,1.2908115,5000,22131868,8022131868
RP11-459E5.,8,22687650,22692650,+,2.5872045,5000,22690150,8022690150
EGR3,8,22690802,22695802,-,2.4968405,5000,22693302,8022693302
NKX2-6,8,23704098,23709098,-,2.7456338,5000,23706598,8023706598
RP11-175E9.,8,23704641,23709641,+,2.828609,5000,23707141,8023707141
EBF2,8,26042897,26047897,-,3.076307,5000,26045397,8026045397
DUSP4,8,29348168,29353168,-,1.9497745,5000,29350668,8029350668
RP4-676L2.,8,29350670,29355670,-,1.4121178,5000,29353170,8029353170
NRG,8,31637255,31642255,+,1.1790206,5000,31639755,8031639755
ZNF703,8,37693251,37698251,+,1.452275,5000,37695751,8037695751
GPR124,8,37794756,37799756,+,1.0353503,5000,37797256,8037797256
ADRB3,8,37964465,37969465,-,1.3034115,5000,37966965,8037966965
NPBWR,8,52935931,52940931,+,1.4004359,5000,52938431,8052938431
RP11-1070A24.2,8,53874149,53879149,-,1.2717026,5000,53876649,8053876649
SOX17,8,54455435,54460435,+,2.8502388,5000,54457935,8054457935
BHLHE22,8,64577867,64582867,+,2.529384,5000,64580367,8064580367
RP11-21C4.,8,64579388,64584388,-,2.429465,5000,64581888,8064581888
TCF24,8,66960090,66965090,-,1.5768627,5000,66962590,8066962590
RP11-383H13.,8,71840623,71845623,+,1.8066497,5000,71843123,8071843123
MSC,8,71841968,71846968,-,1.7753341,5000,71844468,8071844468
ZFHX4,8,76678739,76683739,+,1.0125104,5000,76681239,8076681239
GDF6,8,96158292,96163292,-,2.2652764,5000,96160792,8096160792
RP11-44N12.5,8,98941095,98946095,+,2.2908115,5000,98943595,8098943595
OSR2,8,98941958,98946958,+,2.094546,5000,98944458,8098944458
ZFPM2,8,105317043,105322043,+,1.2523373,5000,105319543,8105319543
RSPO2,8,108081148,108086148,-,1.3587884,5000,108083648,8108083648
KCNQ3,8,132478453,132483453,-,1.2458241,5000,132480953,8132480953
KCNK9,8,139700541,139705541,-,2.0163422,5000,139703041,8139703041
BAI,8,142446930,142451930,+,1.8588009,5000,142449430,8142449430
MAFA,8,143427906,143432906,-,2.6025798,5000,143430406,8143430406
RP11-429J17.7,8,143769322,143774322,-,1.2971253,5000,143771822,8143771822
CTD-3065J16.6,8,144047057,144052057,+,1.8416258,5000,144049557,8144049557
SCRT,8,144333781,144338781,-,2.2261057,5000,144336281,8144336281
LINC01388,9,111254,116254,-,3.3329027,5000,113754,9000113754
FOXD4,9,115704,120704,-,2.4885886,5000,118204,9000118204
DMRT3,9,974464,979464,+,2.3945594,5000,976964,9000976964
RP11-358M14.2,9,4296890,4301890,+,1.2908115,5000,4299390,9004299390
GLIS3,9,4297336,4302336,-,1.2717026,5000,4299836,9004299836
NFIB,9,14311485,14316485,-,1.2392812,5000,14313985,9014313985
CDKN2A,9,21972598,21977598,-,1.3767848,5000,21975098,9021975098
RP11-149I2.4,9,21992982,21997982,+,1.2971253,5000,21995482,9021995482
CNTFR,9,34587237,34592237,-,1.3587884,5000,34589737,9034589737
PAX5,9,37031685,37036685,-,1.5400705,5000,37034185,9037034185
BX255923.3,9,41103729,41108729,-,1.2523373,5000,41106229,9041106229
FOXD4L6,9,41125963,41130963,-,2.8437839,5000,41128463,9041128463
RP11-4L24.3,9,41273780,41278780,+,1.429465,5000,41276280,9041276280
LINC014,9,62798965,62803965,+,2.900865,5000,62801465,9062801465
FOXD4L5,9,65282709,65287709,-,2.245824,5000,65285209,9065285209
FOXD4L4,9,65734055,65739055,+,2.3708107,5000,65736555,9065736555
FOXD4L3,9,68300367,68305367,+,2.8715494,5000,68302867,9068302867
RP11-561O23.7,9,68304893,68309893,+,3.0999732,5000,68307393,9068307393
PGM5,9,68354399,68359399,+,1.452275,5000,68356899,9068356899
RORB,9,74494865,74499865,+,1.042884,5000,74497365,9074497365
FOXB2,9,77017155,77022155,+,1.67709,5000,77019655,9077019655
NTRK2,9,84667896,84672896,+,1.1721671,5000,84670396,9084670396
BARX,9,93952872,93957872,-,2.620313,5000,93955372,9093955372
TMOD,9,97499139,97504139,+,1.1721671,5000,97501639,9097501639
FOXE,9,97850754,97855754,+,3.1892405,5000,97853254,9097853254
GABBR2,9,98706697,98711697,-,1.4409151,5000,98709197,9098709197
NR4A3,9,99819355,99824355,+,1.6526783,5000,99821855,9099821855
KLF4,9,107485947,107490947,-,1.7888383,5000,107488447,9107488447
PTPN3,9,109495806,109500806,-,1.513204,5000,109498306,9109498306
LHX6,9,122226345,122231345,-,2.3344386,5000,122228845,9122228845
RP11-85O21.2,9,124006896,124011896,-,2.3096707,5000,124009396,9124009396
RP11-85O21.4,9,124008030,124013030,+,2.8841863,5000,124010530,9124010530
LHX2,9,124009110,124014110,+,3.0372374,5000,124011610,9124011610
RP11-123K19.,9,126611199,126616199,-,3.4663503,5000,126613699,9126613699
URM,9,128388961,128393961,+,1.4237058,5000,128391461,9128391461
MIR219A2,9,128391010,128396010,-,1.4062887,5000,128393510,9128393510
RP11-247A12.8,9,129173307,129178307,+,1.2194728,5000,129175807,9129175807
RP11-247A12.2,9,129174271,129179271,+,1.3282863,5000,129176771,9129176771
IER5L,9,129175762,129180762,-,1.3096706,5000,129178262,9129178262
PRDM12,9,130662094,130667094,+,3.6038537,5000,130664594,9130664594
FIBCD,9,130936350,130941350,-,1.7386923,5000,130938850,9130938850
NTNG2,9,132159447,132164447,+,1.9775578,5000,132161947,9132161947
BARHL,9,132579685,132584685,+,2.8987906,5000,132582185,9132582185
UAP1L,9,137075001,137080001,+,1.3767848,5000,137077501,9137077501
DPP7,9,137112677,137117677,-,1.2717026,5000,137115177,9137115177
LRRC26,9,137167551,137172551,-,1.9931968,5000,137170051,9137170051
SFMBT2,10,7406841,7411841,-,1.116133,5000,7409341,10007409341
RP5-1031D4.3,10,7409099,7414099,+,1.2327086,5000,7411599,10007411599
RP11-379F12.4,10,8049041,8054041,+,2.7843509,5000,8051541,10008051541
GATA3,10,8052193,8057193,+,2.7153094,5000,8054693,10008054693
RP11-573G6.4,10,22249572,22254572,+,1.5872045,5000,22252072,10022252072
BMI,10,22318711,22323711,+,2.6624928,5000,22321211,10022321211
RP11-573G6.9,10,22329904,22334904,+,1.2717026,5000,22332404,10022332404
RP11-573G6.8,10,22330481,22335481,-,1.8373,5000,22332981,10022332981
RP11-573G6.,10,22338115,22343115,-,1.5240107,5000,22340615,10022340615
PTF1A,10,23189827,23194827,+,2.6051264,5000,23192327,10023192327
GAD2,10,26213807,26218807,+,1.784351,5000,26216307,10026216307
MKX,10,27743560,27748560,-,1.9577674,5000,27746060,10027746060
DRGX,10,49392951,49397951,-,1.4409151,5000,49395451,10049395451
SLC18A3,10,49607801,49612801,+,2.2717028,5000,49610301,10049610301
EGR2,10,62813855,62818855,-,1.2327086,5000,62816355,10062816355
NEUROG3,10,69570738,69575738,-,1.9377017,5000,69573238,10069573238
RP11-343J3.2,10,69573307,69578307,+,1.828609,5000,69575807,10069575807
ZNF503,10,75399406,75404406,-,2.1125574,5000,75401906,10075401906
RP11-399K21.14,10,75406657,75411657,+,1.9775578,5000,75409157,10075409157
RP11-399K21.13,10,75406826,75411826,-,1.8799862,5000,75409326,10075409326
KCNMA,10,77636095,77641095,-,1.212809,5000,77638595,10077638595
GRID,10,86363993,86368993,-,2.222793,5000,86366493,10086366493
HHEX,10,92687451,92692451,+,2.1960137,5000,92689951,10092689951
RP11-348J12.5,10,93069472,93074472,+,1.2588214,5000,93071972,10093071972
CYP26A,10,93070975,93075975,+,1.5347371,5000,93073475,10093073475
HPSE2,10,99233362,99238362,-,1.382734,5000,99235862,10099235862
RP11-129J12.,10,99524581,99529581,+,1.9132487,5000,99527081,10099527081
LINC01475,10,99528677,99533677,-,2.6673748,5000,99531177,10099531177
NKX2-3,10,99530433,99535433,+,3.2294111,5000,99532933,10099532933
PAX2,10,100743211,100748211,+,2.7955434,5000,100745711,10100745711
RP11-108L7.15,10,101058505,101063505,-,1.212809,5000,101061005,10101061005
KAZALD,10,101059341,101064341,+,1.3527392,5000,101061841,10101061841
TLX,10,101128005,101133005,+,2.31279,5000,101130505,10101130505
LBX,10,101227294,101232294,-,3.2490845,5000,101229794,10101229794
FGF8,10,101773570,101778570,-,1.2971253,5000,101776070,10101776070
SORCS3,10,104638601,104643601,+,2.1548889,5000,104641101,10104641101
ADRB,10,114041556,114046556,+,1.8673124,5000,114044056,10114044056
GFRA,10,116269782,116274782,-,1.7153094,5000,116272282,10116272282
VAX,10,117135556,117140556,-,3.2061143,5000,117138056,10117138056
MIR3663HG,10,117166559,117171559,-,1.6278466,5000,117169059,10117169059
EMX2,10,117539944,117544944,+,2.7456338,5000,117542444,10117542444
EMX2OS,10,117539995,117544995,-,2.7708044,5000,117542495,10117542495
HTRA,10,122459025,122464025,+,1.4409151,5000,122461525,10122461525
HMX3,10,123133462,123138462,+,3.436632,5000,123135962,10123135962
HMX2,10,123145622,123150622,+,3.2128088,5000,123148122,10123148122
RP11-288A5.2,10,127734496,127739496,-,1.5400705,5000,127736996,10127736996
FOXI2,10,127734735,127739735,+,1.5506786,5000,127737235,10127737235
EBF3,10,129961341,129966341,-,2.3587883,5000,129963841,10129963841
RP11-140A10.3,10,132183462,132188462,-,1.2781005,5000,132185962,10132185962
DPYSL4,10,132184400,132189400,+,1.2717026,5000,132186900,10132186900
NKX6-2,10,132783552,132788552,-,3.2244503,5000,132786052,10132786052
UTF,10,133227774,133232774,+,1.6228285,5000,133230274,10133230274
VENTX,10,133234904,133239904,+,1.6673748,5000,133237404,10133237404
RP11-122K13.14,10,133322245,133327245,-,1.1232574,5000,133324745,10133324745
CALY,10,133334407,133339407,-,2.3916123,5000,133336907,10133336907
DRD4,11,634793,639793,+,1.2908115,5000,637293,11000637293
DUSP8,11,1569420,1574420,-,1.6025797,5000,1571920,11001571920
IGF2,11,2136889,2141889,-,3.1338785,5000,2139389,11002139389
ASCL2,11,2268452,2273452,-,1.7617022,5000,2270952,11002270952
KCNQ1DN,11,2867533,2872533,+,1.2971253,5000,2870033,11002870033
MTRNR2L8,11,10506689,10511689,-,1.2652764,5000,10509189,11010509189
ARNTL,11,13275298,13280298,+,1.3096706,5000,13277798,11013277798
SPON,11,13960189,13965189,+,1.3767848,5000,13962689,11013962689
NCR3LG,11,17349226,17354226,+,1.4062887,5000,17351726,11017351726
MYOD,11,17717068,17722068,+,1.4691488,5000,17719568,11017719568
DBX,11,20158113,20163113,-,1.5872045,5000,20160613,11020160613
SLC6A5,11,20596900,20601900,+,1.6025797,5000,20599400,11020599400
PAX6,11,31808831,31813831,-,2.8242438,5000,31811331,11031811331
RCN,11,31813884,31818884,+,3.0981662,5000,31816384,11031816384
WT,11,32433130,32438130,-,3.1652806,5000,32435630,11032435630
C11orf96,11,43940005,43945005,+,1.3466648,5000,43942505,11043942505
ALX4,11,44307666,44312666,-,2.7594178,5000,44310166,11044310166
KCNK4,11,64288909,64293909,+,1.8588009,5000,64291409,11064291409
RP11-783K16.,11,64289222,64294222,+,1.8673124,5000,64291722,11064291722
TEX4,11,64297946,64302946,+,1.1514084,5000,64300446,11064300446
NRXN2,11,64711411,64716411,-,1.1993885,5000,64713911,11064713911
NEAT,11,65420298,65425298,+,1.0945461,5000,65422798,11065422798
OVOL,11,65784522,65789522,+,2.2717028,5000,65787022,11065787022
NPAS4,11,66418504,66423504,+,1.1583612,5000,66421004,11066421004
FGF3,11,69816524,69821524,-,2.255583,5000,69819024,11069819024
WNT,11,76204032,76209032,-,1.8459388,5000,76206532,11076206532
FAM181B,11,82731364,82736364,-,1.2327086,5000,82733864,11082733864
PGR,11,101128024,101133024,-,1.5559535,5000,101130524,11101130524
ZBTB16,11,114057093,114062093,+,1.9814835,5000,114059593,11114059593
DSCAML,11,117794761,117799761,-,1.116133,5000,117797261,11117797261
PHLDB,11,118603940,118608940,+,1.6025797,5000,118606440,11118606440
BSX,11,122979220,122984220,-,2.094546,5000,122981720,11122981720
RP11-677M14.3,11,124756629,124761629,+,1.3886589,5000,124759129,11124759129
ESAM,11,124759784,124764784,-,1.6127396,5000,124762284,11124762284
ROBO3,11,124862886,124867886,+,1.5453843,5000,124865386,11124865386
PKNOX2,11,125162206,125167206,+,1.042884,5000,125164706,11125164706
RP11-744N12.3,11,128684422,128689422,-,2.004816,5000,128686922,11128686922
FLI,11,128691270,128696270,+,2.10538,5000,128693770,11128693770
SENCR,11,128693523,128698523,-,1.4747298,5000,128696023,11128696023
BARX2,11,129373440,129378440,+,1.8459388,5000,129375940,11129375940
CCND2,12,4271272,4276272,+,1.1993885,5000,4273772,12004273772
KCNA,12,4907405,4912405,+,1.382734,5000,4909905,12004909905
NTF3,12,5429613,5434613,+,1.5506786,5000,5432113,12005432113
BHLHE4,12,26122627,26127627,-,1.3886589,5000,26125127,12026125127
PTHLH,12,27970205,27975205,-,1.1993885,5000,27972705,12027972705
PDZRN4,12,41185948,41190948,+,1.0353503,5000,41188448,12041188448
WNT,12,48976115,48981115,+,2.2781005,5000,48978615,12048978615
DNAJC22,12,49344538,49349538,+,2.2812889,5000,49347038,12049347038
KCNH3,12,49536657,49541657,+,1.9295967,5000,49539157,12049539157
CISTR,12,53749335,53754335,-,1.3096706,5000,53751835,12053751835
HOXC13,12,53936265,53941265,+,2.3886588,5000,53938765,12053938765
HOXC12,12,53952334,53957334,+,3.1993885,5000,53954834,12053954834
HOXC,12,53970626,53975626,+,2.773071,5000,53973126,12053973126
HOTAIR,12,53972456,53977456,-,2.888374,5000,53974956,12053974956
HOXC,12,53982686,53987686,+,3.1652806,5000,53985186,12053985186
RP11-834C11.12,12,53983345,53988345,+,3.0391219,5000,53985845,12053985845
HOXC9,12,53997619,54002619,+,2.8088608,5000,54000119,12054000119
HOXC8,12,54006606,54011606,+,2.6502142,5000,54009106,12054009106
HOXC4,12,54014431,54019431,+,2.6600454,5000,54016931,12054016931
HOXC5,12,54014610,54019610,+,2.6867402,5000,54017110,12054017110
AC012531.25,12,54017410,54022410,+,2.4466062,5000,54019910,12054019910
HOXC6,12,54025858,54030858,+,2.3916123,5000,54028358,12054028358
HOXC5,12,54030353,54035353,+,3.0836303,5000,54032853,12054032853
RP11-834C11.6,12,54079618,54084618,+,1.2327086,5000,54082118,12054082118
NXPH4,12,57214295,57219295,+,1.3034115,5000,57216795,12057216795
NDUFA4L2,12,57234838,57239838,-,1.3344384,5000,57237338,12057237338
SLC26A,12,57617410,57622410,+,1.1858419,5000,57619910,12057619910
CYP27B,12,57764751,57769751,-,1.3159025,5000,57767251,12057767251
FAM19A2,12,62190342,62195342,-,1.0652518,5000,62192842,12062192842
AVPR1A,12,63148442,63153442,-,1.2327086,5000,63150942,12063150942
RP11-715H19.2,12,63148565,63153565,+,1.2327086,5000,63151065,12063151065
PLXNC,12,94146223,94151223,+,1.1232574,5000,94148723,12094148723
ASCL,12,102955186,102960186,+,2.2392812,5000,102957686,12102957686
BTBD,12,107316441,107321441,+,1.4802892,5000,107318941,12107318941
LHX5,12,113469572,113474572,-,2.4775121,5000,113472072,12113472072
TBX5,12,114405942,114410942,-,2.7798498,5000,114408442,12114408442
TBX3,12,114681664,114686664,-,2.5427299,5000,114684164,12114684164
HRK,12,116878941,116883941,-,1.832961,5000,116881441,12116881441
FZD,12,130159959,130164959,+,1.7340459,5000,130162459,12130162459
POLE,12,132684859,132689859,-,2.3096707,5000,132687359,12132687359
PXMP2,12,132685106,132690106,+,2.2971253,5000,132687606,12132687606
GJA3,13,20158549,20163549,-,1.429465,5000,20161049,13020161049
GJB2,13,20190398,20195398,-,1.7293847,5000,20192898,13020192898
RP11-264J4.,13,20191912,20196912,+,1.5974729,5000,20194412,13020194412
GSX,13,27790143,27795143,+,2.7410097,5000,27792643,13027792643
PDX,13,27917520,27922520,+,3.0981662,5000,27920020,13027920020
LINC00543,13,27951026,27956026,+,1.5240107,5000,27953526,13027953526
CDX2,13,27968639,27973639,-,2.1652806,5000,27971139,13027971139
MAB21L,13,35474709,35479709,-,1.1303469,5000,35477209,13035477209
CCNA,13,36429858,36434858,+,1.3945594,5000,36432358,13036432358
RGCC,13,41455059,41460059,+,1.7293847,5000,41457559,13041457559
MLNR,13,49217838,49222838,+,1.7058489,5000,49220338,13049220338
RP11-34F20.7,13,50123316,50128316,+,2.5612092,5000,50125816,13050125816
PCDH8,13,52846140,52851140,-,1.5453843,5000,52848640,13052848640
PCDH17,13,57629312,57634312,+,1.1089731,5000,57631812,13057631812
RP11-52L5.6,13,78593629,78598629,+,1.9255271,5000,78596129,13078596129
POU4F,13,78601060,78606060,-,2.534737,5000,78603560,13078603560
SOX2,13,94709899,94714899,-,1.5023155,5000,94712399,13094712399
HS6ST3,13,96088339,96093339,+,1.3405645,5000,96090839,13096090839
FGF14,13,101914145,101919145,-,1.0125104,5000,101916645,13101916645
FAM155A,13,107864235,107869235,-,1.1993885,5000,107866735,13107866735
SOX,13,112065147,112070147,+,2.8673124,5000,112067647,13112067647
FOXG,14,28764474,28769474,+,1.6378307,5000,28766974,14028766974
INSM2,14,35531542,35536542,+,1.4237058,5000,35534042,14035534042
SFTA3,14,36511329,36516329,-,2.0315685,5000,36513829,14036513829
RP11-896J10.3,14,36517021,36522021,-,3.0818028,5000,36519521,14036519521
NKX2,14,36517193,36522193,-,3.0854554,5000,36519693,14036519693
NKX2-8,14,36580107,36585107,-,1.3708109,5000,36582607,14036582607
RP11-964E11.2,14,36656301,36661301,-,2.647746,5000,36658801,14036658801
PAX9,14,36659365,36664365,+,2.2812889,5000,36661865,14036661865
FOXA,14,37592534,37597534,-,1.8154734,5000,37595034,14037595034
CTD-2058B24.2,14,38191781,38196781,-,1.1926311,5000,38194281,14038194281
MDGA2,14,47672454,47677454,-,1.0799733,5000,47674954,14047674954
OTX2,14,56807969,56812969,-,1.67709,5000,56810469,14056810469
SIX6,14,60506451,60511451,+,2.9214458,5000,60508951,14060508951
RP11-1042B17.3,14,60512619,60517619,+,1.1017777,5000,60515119,14060515119
RP11-1042B17.5,14,60638230,60643230,+,1.8416258,5000,60640730,14060640730
SIX,14,60646962,60651962,-,2.7617023,5000,60649462,14060649462
PAPLN,14,73234997,73239997,+,1.0048159,5000,73237497,14073237497
VSX2,14,74236972,74241972,+,2.6746674,5000,74239472,14074239472
NGB,14,77268812,77273812,-,1.0726314,5000,77271312,14077271312
SLC24A4,14,92321105,92326105,+,1.1303469,5000,92323605,14092323605
GSC,14,94767730,94772730,-,2.4858274,5000,94770230,14094770230
BEGAIN,14,100567294,100572294,-,1.1652807,5000,100569794,14100569794
DIO3,14,101558851,101563851,+,2.1089733,5000,101561351,14101561351
CTD-2223O18.,14,104135398,104140398,-,1.1926311,5000,104137898,14104137898
CTD-3051D23.3,14,104901842,104906842,+,1.463546,5000,104904342,14104904342
GREM,15,32715474,32720474,+,1.7340459,5000,32717974,15032717974
RP11-758N13.,15,32716354,32721354,-,1.7662606,5000,32718854,15032718854
RP11-128A17.,15,37096839,37101839,+,1.0726314,5000,37099339,15037099339
MEIS2,15,37097385,37102385,-,1.1374016,5000,37099885,15037099885
ANKRD63,15,40280086,40285086,-,2.2061143,5000,40282586,15040282586
DLL4,15,40926893,40931893,+,2.175598,5000,40929393,15040929393
ITPKA,15,41491375,41496375,+,2.7010956,5000,41493875,15041493875
LTK,15,41511306,41516306,-,2.0086682,5000,41513806,15041513806
DUOXA2,15,45111821,45116821,+,1.8198652,5000,45114321,15045114321
DUOX2,15,45111844,45116844,-,1.8066497,5000,45114344,15045114344
ONECUT,15,52787512,52792512,-,2.2128088,5000,52790012,15052790012
RP11-209K10.2,15,52802442,52807442,-,1.1232574,5000,52804942,15052804942
CTD-2330J20.2,15,58062725,58067725,+,1.2652764,5000,58065225,15058065225
ALDH1A2,15,58063918,58068918,-,1.212809,5000,58066418,15058066418
MEGF,15,66251247,66256247,-,1.5768627,5000,66253747,15066253747
SMAD6,15,66699728,66704728,+,1.0652518,5000,66702228,15066702228
SKOR,15,67817204,67822204,+,1.0277771,5000,67819704,15067819704
RP11-34F13.3,15,67830225,67835225,+,2.3466647,5000,67832725,15067832725
RP11-247C2.2,15,74126778,74131778,-,2.2588212,5000,74129278,15074129278
ISLR2,15,74126874,74131874,+,2.2620525,5000,74129374,15074129374
ISL2,15,76334224,76339224,+,2.5690572,5000,76336724,15076336724
RP11-685G9.2,15,76339563,76344563,-,3.0410042,5000,76342063,15076342063
RP11-685G9.4,15,76341142,76346142,+,2.6025798,5000,76343642,15076343642
RASGRF,15,79088273,79093273,-,1.9008651,5000,79090773,15079090773
BNC,15,83282214,83287214,-,1.8502389,5000,83284714,15083284714
LINC00925,15,89359079,89364079,+,1.4858274,5000,89361579,15089361579
NR2F2,15,96328217,96333217,+,1.9132487,5000,96330717,15096330717
RP11-262A16.,15,96340453,96345453,+,1.1790206,5000,96342953,15096342953
RP11-522B15.3,15,96351737,96356737,+,1.5293839,5000,96354237,15096354237
AC140725.4,15,101958908,101963908,-,1.0277771,5000,101961408,15101961408
HBM,16,163478,168478,+,2.0009532,5000,165978,16000165978
HBA2,16,170347,175347,+,2.046636,5000,172847,16000172847
HBA,16,174180,179180,+,2.140916,5000,176680,16000176680
HBQ,16,177953,182953,+,1.0726314,5000,180453,16000180453
PRR35,16,557922,562922,+,1.2971253,5000,560422,16000560422
FBXL16,16,703329,708329,-,1.5077701,5000,705829,16000705829
LA16c-380A1.2,16,705150,710150,+,1.452275,5000,707650,16000707650
RP11-161M6.2,16,979096,984096,-,1.3945594,5000,981596,16000981596
SOX8,16,979308,984308,+,1.4004359,5000,981808,16000981808
BAIAP3,16,1332004,1337004,+,1.6228285,5000,1334504,16001334504
CRAMP1L,16,1609825,1614825,+,1.0578343,5000,1612325,16001612325
HS3ST6,16,1915940,1920940,-,1.4352014,5000,1918440,16001918440
NPW,16,2017045,2022045,+,1.1232574,5000,2019545,16002019545
CBLN,16,49279331,49284331,-,1.4913445,5000,49281831,16049281831
IRX3,16,54284263,54289263,-,2.4691486,5000,54286763,16054286763
RP11-434E6.4,16,54288465,54293465,+,1.9091326,5000,54290965,16054290965
IRX5,16,54928362,54933362,+,1.8673124,5000,54930862,16054930862
CTD-3032H12.2,16,54932413,54937413,+,1.7058489,5000,54934913,16054934913
MT1M,16,56629733,56634733,+,1.1232574,5000,56632233,16056632233
NDRG4,16,58461165,58466165,+,1.0125104,5000,58463665,16058463665
CDH,16,65119698,65124698,-,1.1993885,5000,65122198,16065122198
BEAN,16,66424837,66429837,+,1.1790206,5000,66427337,16066427337
FBXL8,16,67157431,67162431,+,1.6328472,5000,67159931,16067159931
TRADD,16,67157798,67162798,-,1.7479403,5000,67160298,16067160298
TPPP3,16,67391035,67396035,-,1.1993885,5000,67393535,16067393535
RP11-346C20.4,16,73057745,73062745,+,1.3344384,5000,73060245,16073060245
RP11-346C20.3,16,73057970,73062970,+,1.3466648,5000,73060470,16073060470
FENDRR,16,86506599,86511599,-,3.3886588,5000,86509099,16086509099
FOXF,16,86508027,86513027,+,3.4451854,5000,86510527,16086510527
FOXC2,16,86564751,86569751,+,2.7594178,5000,86567251,16086567251
FOXL,16,86576006,86581006,+,1.7058489,5000,86578506,16086578506
ZFPM,16,88450817,88455817,+,1.429465,5000,88453317,16088453317
PIEZO,16,88782711,88787711,-,1.0277771,5000,88785211,16088785211
RP11-830F9.7,16,88937151,88942151,-,1.2523373,5000,88939651,16088939651
RP11-830F9.6,16,88937289,88942289,+,1.2588214,5000,88939789,16088939789
SLC22A3,16,89197818,89202818,-,1.2327086,5000,89200318,16089200318
CPNE7,16,89573291,89578291,+,1.28447,5000,89575791,16089575791
RP11-1228E12.2,17,116078,121078,-,1.2971253,5000,118578,17000118578
DOC2B,17,179136,184136,-,1.1721671,5000,181636,17000181636
CTD-2545H1.,17,2021164,2026164,-,2.042884,5000,2023664,17002023664
RTN4RL,17,2022845,2027845,-,2.076307,5000,2025345,17002025345
HIC,17,2051654,2056654,+,2.6502142,5000,2054154,17002054154
ALOX15,17,4639794,4644794,-,1.8373,5000,4642294,17004642294
CXCL16,17,4737319,4742319,-,1.9336549,5000,4739819,17004739819
ZMYND15,17,4737542,4742542,+,1.9417373,5000,4740042,17004740042
CTC-281F24.,17,6652509,6657509,-,1.7058489,5000,6655009,17006655009
NTN,17,9019042,9024042,+,2.4437635,5000,9021542,17009021542
RP11-214O1.,17,14295100,14300100,-,1.1514084,5000,14297600,17014297600
HS3ST3B,17,14298583,14303583,+,1.6673748,5000,14301083,17014301083
MGC12916,17,14301354,14306354,+,1.3282863,5000,14303854,17014303854
SNORD3B,17,19059412,19064412,+,1.2261058,5000,19061912,17019061912
SNORD3B-2,17,19061636,19066636,-,1.1926311,5000,19064136,17019064136
SNORD3A,17,19185516,19190516,+,1.3945594,5000,19188016,17019188016
SNORD3C,17,19187745,19192745,-,1.3648121,5000,19190245,17019190245
ABHD15,17,29564637,29569637,-,1.4062887,5000,29567137,17029567137
TP53I13,17,29566144,29571144,+,1.3648121,5000,29568644,17029568644
ADAP2,17,30919180,30924180,+,1.0277771,5000,30921680,17030921680
TMEM132E,17,34578249,34583249,+,2.3034117,5000,34580749,17034580749
RP11-445F12.,17,36934122,36939122,-,3.3618033,5000,36936622,17036936622
LHX,17,36934975,36939975,+,3.4885886,5000,36937475,17036937475
RP11-445F12.2,17,36940956,36945956,-,2.9316273,5000,36943456,17036943456
HNF1B,17,37742747,37747747,-,2.2684932,5000,37745247,17037745247
STAC2,17,39223372,39228372,-,1.5664461,5000,39225872,17039225872
NEUROD2,17,39605443,39610443,-,2.951777,5000,39607943,17039607943
PYY,17,44001969,44006969,-,1.28447,5000,44004469,17044004469
NAGS,17,44002046,44007046,+,1.3159025,5000,44004546,17044004546
UBTF,17,44218463,44223463,-,1.1652807,5000,44220963,17044220963
ADAM,17,44756531,44761531,+,1.0652518,5000,44759031,17044759031
C1QL,17,44965571,44970571,-,2.2061143,5000,44968071,17044968071
MAPT,17,45892168,45897168,+,2.5585837,5000,45894668,17045894668
MAPT-IT,17,45893528,45898528,+,2.6722407,5000,45896028,17045896028
RPRML,17,46976748,46981748,-,1.0578343,5000,46979248,17046979248
TBX2,17,47730744,47735744,+,1.0872781,5000,47733244,17047733244
HOXB2,17,48542489,48547489,-,1.647746,5000,48544989,17048544989
HOXB3,17,48551422,48556422,-,2.6051264,5000,48553922,17048553922
HOXB4,17,48577611,48582611,-,3.3329027,5000,48580111,17048580111
MIR10A,17,48579759,48584759,-,3.0410042,5000,48582259,17048582259
HOXB5,17,48591461,48596461,-,3.5598972,5000,48593961,17048593961
HOXB6,17,48602492,48607492,-,3.416474,5000,48604992,17048604992
HOXB7,17,48608520,48613520,-,3.5467098,5000,48611020,17048611020
HOXB8,17,48612439,48617439,-,3.7153091,5000,48614939,17048614939
HOXB9,17,48623856,48628856,-,3.4913445,5000,48626356,17048626356
RP11-357H14.17,17,48644523,48649523,-,2.1303468,5000,48647023,17048647023
PRAC,17,48720022,48725022,-,2.2392812,5000,48722522,17048722522
PRAC2,17,48720668,48725668,+,2.4494433,5000,48723168,17048723168
HOXB13,17,48726678,48731678,-,2.3282862,5000,48729178,17048729178
CTD-2377D24.4,17,48730591,48735591,+,1.429465,5000,48733091,17048733091
NGFR,17,49492793,49497793,+,1.5453843,5000,49495293,17049495293
RP11-81K2.2,17,49495300,49500300,-,1.5347371,5000,49497800,17049497800
DLX4,17,49966674,49971674,+,2.0239756,5000,49969174,17049969174
DLX3,17,49992724,49997724,-,1.8841861,5000,49995224,17049995224
RP11-1094H24.3,17,49994389,49999389,+,1.1232574,5000,49996889,17049996889
CACNA1G,17,50558588,50563588,+,1.9814835,5000,50561088,17050561088
RP11-94C24.,17,50561283,50566283,-,1.6076688,5000,50563783,17050563783
ABCC3,17,50632357,50637357,+,1.1514084,5000,50634857,17050634857
CA,17,52157517,52162517,-,1.2908115,5000,52160017,17052160017
HLF,17,55262512,55267512,+,1.0726314,5000,55265012,17055265012
TBX2,17,61397396,61402396,+,3.9970803,5000,61399896,17061399896
RP11-332H18.5,17,61397743,61402743,-,3.9183774,5000,61400243,17061400243
C17orf82,17,61409251,61414251,+,2.858801,5000,61411751,17061411751
TBX4,17,61449918,61454918,+,3.1943235,5000,61452418,17061452418
RP11-15K2.2,17,61460884,61465884,-,1.5453843,5000,61463384,17061463384
MIR608,17,64779126,64784126,-,1.832961,5000,64781626,17064781626
CACNG4,17,66962410,66967410,+,1.5453843,5000,66964910,17066964910
SOX9,17,72118520,72123520,+,1.4352014,5000,72121020,17072121020
GRIN2C,17,74857375,74862375,-,2.8862817,5000,74859875,17074859875
USH1G,17,74920756,74925756,-,1.6673748,5000,74923256,17074923256
OTOP2,17,74922103,74927103,+,1.6127396,5000,74924603,17074924603
HID,17,74970234,74975234,-,1.1652807,5000,74972734,17074972734
SRP68,17,76070153,76075153,-,1.1232574,5000,76072653,17076072653
GALR2,17,76072294,76077294,+,1.5077701,5000,76074794,17076074794
FOXJ,17,76138799,76143799,-,1.7200164,5000,76141299,17076141299
RNF157,17,76237873,76242873,-,1.0872781,5000,76240373,17076240373
SPHK,17,76382150,76387150,+,2.1583612,5000,76384650,17076384650
ST6GALNAC2,17,76583628,76588628,-,1.382734,5000,76586128,17076586128
SOCS3,17,78357577,78362577,-,1.463546,5000,78360077,17078360077
RP11-806H10.4,17,78357953,78362953,+,1.4913445,5000,78360453,17078360453
CBX2,17,79775632,79780632,+,1.0201639,5000,79778132,17079778132
CBX8,17,79794616,79799616,-,3.4092062,5000,79797116,17079797116
RP11-353N14.,17,79798098,79803098,+,3.8598676,5000,79800598,17079800598
CBX4,17,79836929,79841929,-,3.0652518,5000,79839429,17079839429
NPTX,17,80474104,80479104,-,3.4337695,5000,80476604,17080476604
RP11-455O6.9,17,81337191,81342191,-,1.6025797,5000,81339691,17081339691
RP11-1055B8.9,17,81343466,81348466,-,1.7708044,5000,81345966,17081345966
BAHCC,17,81392975,81397975,+,1.4691488,5000,81395475,17081395475
RP11-1055B8.,17,81394644,81399644,-,2.0799732,5000,81397144,17081397144
ACTG,17,81510374,81515374,-,1.4062887,5000,81512874,17081512874
GCGR,17,81801634,81806634,+,2.5240107,5000,81804134,17081804134
NOTUM,17,81958793,81963793,-,3.0927327,5000,81961293,17081961293
RAB40B,17,82696228,82701228,-,1.7617022,5000,82698728,17082698728
TBCD,17,82749564,82754564,+,1.0872781,5000,82752064,17082752064
METRNL,17,83077191,83082191,+,2.0353503,5000,83079691,17083079691
AP005530.,18,8691,13691,+,2.1960137,5000,11191,18000011191
RP11-672L10.2,18,901981,906981,-,1.7662606,5000,904481,18000904481
RP11-672L10.3,18,905180,910180,-,2.4775121,5000,907680,18000907680
GATA6,18,22166943,22171943,+,3.0258775,5000,22169443,18022169443
RP11-627G18.2,18,22174162,22179162,-,1.2652764,5000,22176662,18022176662
DSC3,18,31040241,31045241,-,1.4691488,5000,31042741,18031042741
RP11-379L18.,18,34220465,34225465,+,1.0048159,5000,34222965,18034222965
RP11-742D12.2,18,46753987,46758987,+,1.2717026,5000,46756487,18046756487
ST8SIA5,18,46754669,46759669,-,1.1993885,5000,46757169,18046757169
MAPK4,18,50557578,50562578,+,1.0277771,5000,50560078,18050560078
RP11-714M23.2,18,57424633,57429633,+,1.3527392,5000,57427133,18057427133
ONECUT2,18,57433185,57438185,+,2.5104895,5000,57435685,18057435685
GRP,18,59217668,59222668,+,1.2327086,5000,59220168,18059220168
RAX,18,59270893,59275893,-,1.9336549,5000,59273393,18059273393
RP11-17E3.,18,69396749,69401749,-,1.2261058,5000,69399249,18069399249
DOK6,18,69398555,69403555,+,1.4858274,5000,69401055,18069401055
NETO,18,72865449,72870449,-,1.4691488,5000,72867949,18072867949
RP11-676J15.,18,72865888,72870888,+,1.4858274,5000,72868388,18072868388
ZADH2,18,75206848,75211848,-,1.5400705,5000,75209348,18075209348
TSHZ,18,75208255,75213255,+,1.4062887,5000,75210755,18075210755
GALR,18,77248049,77253049,+,1.7010956,5000,77250549,18077250549
RP11-849I19.,18,78976343,78981343,-,1.3767848,5000,78978843,18078978843
NFATC,18,79393356,79398356,+,2.3678145,5000,79395856,18079395856
PQLC,18,79949164,79954164,-,1.1926311,5000,79951664,18079951664
MADCAM,19,493954,498954,+,1.0277771,5000,496454,19000496454
HCN2,19,587393,592393,+,1.5664461,5000,589893,19000589893
KISS1R,19,914842,919842,+,1.832961,5000,917342,19000917342
AC005256.,19,1745556,1750556,+,3.0334606,5000,1748056,19001748056
ONECUT3,19,1749873,1754873,+,3.6025798,5000,1752373,19001752373
NFIC,19,3357063,3362063,+,2.5559535,5000,3359563,19003359563
ZBTB7A,19,4064445,4069445,-,1.1514084,5000,4066945,19004066945
TGFBR3L,19,7915128,7920128,+,1.4409151,5000,7917628,19007917628
CTD-3193O13.,19,7916657,7921657,-,1.2652764,5000,7919157,19007919157
CTD-2369P2.8,19,10286519,10291519,-,1.5716636,5000,10289019,19010289019
ICAM5,19,10287481,10292481,+,1.6963263,5000,10289981,19010289981
NFIX,19,12993108,12998108,+,2.355767,5000,12995608,19012995608
CTC-239J10.,19,13012011,13017011,-,2.8437839,5000,13014511,19013014511
CTC-250I14.6,19,13151212,13156212,-,1.0872781,5000,13153712,19013153712
CTD-2562J15.6,19,16322014,16327014,-,1.7010956,5000,16324514,19016324514
KLF2,19,16322317,16327317,+,1.6526783,5000,16324817,19016324817
CRLF,19,18604350,18609350,-,2.584626,5000,18606850,19018606850
TMEM59L,19,18604930,18609930,+,2.5266998,5000,18607430,19018607430
COMP,19,18788814,18793814,-,2.463546,5000,18791314,19018791314
VSTM2B,19,29523999,29528999,+,1.1858419,5000,29526499,19029526499
CTC-525D6.2,19,29524448,29529448,-,1.2971253,5000,29526948,19029526948
ZNF536,19,30225790,30230790,+,1.1232574,5000,30228290,19030228290
AC007796.,19,31346381,31351381,+,1.1583612,5000,31348881,19031348881
TSHZ3,19,31347047,31352047,-,1.452275,5000,31349547,19031349547
ANKRD27,19,32672699,32677699,-,1.2908115,5000,32675199,19032675199
RGS9BP,19,32672907,32677907,+,1.2971253,5000,32675407,19032675407
CTD-2540B15.,19,33297434,33302434,+,1.1652807,5000,33299934,19033299934
CTD-2540B15.7,19,33298779,33303779,+,1.4747298,5000,33301279,19033301279
CEBPA,19,33300064,33305064,-,1.4409151,5000,33302564,19033302564
NPAS,19,47017320,47022320,+,1.8066497,5000,47019820,19047019820
KCNA7,19,49070441,49075441,-,1.4237058,5000,49072941,19049072941
AC008753.6,19,53866607,53871607,-,1.4237058,5000,53869107,19053869107
SHISA7,19,55439837,55444837,-,1.4747298,5000,55442337,19055442337
OVOL2,20,18055377,18060377,-,1.7010956,5000,18057877,20018057877
RP11-470C13.4,20,20361191,20366191,+,1.6025797,5000,20363691,20020363691
INSM,20,20365621,20370621,+,2.161825,5000,20368121,20020368121
NKX2-4,20,21395528,21400528,-,2.382734,5000,21398028,20021398028
RP11-227D2.3,20,21396393,21401393,+,1.9931968,5000,21398893,20021398893
NKX2-2,20,21511526,21516526,-,2.5949125,5000,21514026,20021514026
RP5-1065O2.4,20,21701085,21706085,-,2.4062886,5000,21703585,20021703585
PAX,20,21703159,21708159,+,2.6403158,5000,21705659,20021705659
FOXA2,20,22582955,22587955,-,1.6867402,5000,22585455,20022585455
VSX,20,25079865,25084865,-,1.0945461,5000,25082365,20025082365
SLC32A,20,38721962,38726962,+,2.4494433,5000,38724462,20038724462
MAFB,20,40686740,40691740,-,2.3797624,5000,40689240,20040689240
BMP7,20,57264128,57269128,-,1.5347371,5000,57266628,20057266628
RP4-813D12.3,20,57264297,57269297,+,1.5186175,5000,57266797,20057266797
GNAS,20,58850214,58855214,+,1.2061143,5000,58852714,20058852714
GATA5,20,62473470,62478470,-,2.4352014,5000,62475970,20062475970
RP13-379O24.3,20,62475370,62480370,+,2.144422,5000,62477870,20062477870
SOX18,20,64047141,64052141,-,2.2161448,5000,64049641,20064049641
OLIG2,21,33023345,33028345,+,2.0578344,5000,33025845,21033025845
AP000282.2,21,33068604,33073604,-,1.0652518,5000,33071104,21033071104
AP000697.6,21,36699064,36704064,-,2.7456338,5000,36701564,21036701564
RIPK4,21,41764606,41769606,-,1.1926311,5000,41767106,21041767106
RIMBP3,22,18609419,18614419,-,1.1583612,5000,18611919,22018611919
GSC2,22,19147783,19152783,-,2.3797624,5000,19150283,22019150283
GP1BB,22,19720445,19725445,+,1.9814835,5000,19722945,22019722945
RIMBP3B,22,21380874,21385874,+,1.1514084,5000,21383374,22021383374
RIMBP3C,22,21548331,21553331,-,1.1993885,5000,21550831,22021550831
MN,22,27798998,27803998,-,1.0353503,5000,27801498,22027801498
RASL10A,22,29313256,29318256,-,1.0872781,5000,29315756,22029315756
RP1-76B20.12,22,29717214,29722214,-,1.212809,5000,29719714,22029719714
RP1-76B20.,22,29717359,29722359,-,1.212809,5000,29719859,22029719859
CABP7,22,29717584,29722584,+,1.1993885,5000,29720084,22029720084
KCNJ4,22,38452699,38457699,-,1.7105869,5000,38455199,22038455199
PDGFB,22,39242251,39247251,-,1.917353,5000,39244751,22039244751
SHISA8,22,41912066,41917066,-,2.471942,5000,41914566,22041914566
WNT7B,22,45974629,45979629,-,2.632847,5000,45977129,22045977129
RP11-494O16.4,22,49848925,49853925,+,1.647746,5000,49851425,22049851425
TYMP,22,50527556,50532556,-,1.6076688,5000,50530056,22050530056
ODF3B,22,50529684,50534684,-,1.5453843,5000,50532184,22050532184
